,000270.KS,000660.KS,005380.KS,005930.KS,006400.KS,009540.KS,012450.KS,028260.KS,034020.KS,035420.KS,042660.KS,051910.KS,055550.KS,068270.KS,069500.KS,105560.KS,133690.KS,148070.KS,153130.KS,207940.KS,229200.KS,261240.KS,360750.KS,411060.KS,458730.KS,AAPL,AMD,AMZN,AVGO,COST,GOOGL,JPM,LLY,META,MSFT,NVDA,TLT,TSLA,V,XOM
2018-12-31,,,,0.04999999999999999,,0.04999999999999999,0.04999999999999999,,,,0.04999999999999999,,0.04999999999999999,,0.04999999999999999,,0.04999999999999999,0.04999999999999999,0.04999999999999999,,0.04999999999999999,0.04999999999999999,0.04999999999999999,0.04999999999999999,0.04999999999999999,,0.04999999999999999,,,0.04999999999999999,,,0.04999999999999999,,0.04999999999999999,,0.04999999999999999,,0.04999999999999999,
2019-01-31,0.04999999999999999,,,,,0.04999999999999999,0.04999999999999999,,,,0.04999999999999999,,0.04999999999999999,,0.04999999999999999,,0.04999999999999999,0.04999999999999999,0.04999999999999999,,0.04999999999999999,0.04999999999999999,0.04999999999999999,0.04999999999999999,0.04999999999999999,,0.04999999999999999,,0.04999999999999999,0.04999999999999999,,,0.04999999999999999,,,,0.04999999999999999,,0.04999999999999999,
2019-02-28,0.04999999999999999,,,,0.04999999999999999,0.04999999999999999,0.04999999999999999,,,,0.04999999999999999,,,,0.04999999999999999,,0.04999999999999999,0.04999999999999999,0.04999999999999999,,0.04999999999999999,0.04999999999999999,0.04999999999999999,0.04999999999999999,0.04999999999999999,,0.04999999999999999,,0.04999999999999999,,,,0.04999999999999999,,0.04999999999999999,,0.04999999999999999,,0.04999999999999999,
2019-03-31,0.04999999999999999,,,,,,0.04999999999999999,,,,0.04999999999999999,0.04999999999999999,0.04999999999999999,,0.04999999999999999,,0.04999999999999999,0.04999999999999999,0.04999999999999999,,0.04999999999999999,0.04999999999999999,0.04999999999999999,0.04999999999999999,0.04999999999999999,,0.04999999999999999,,0.04999999999999999,,,,0.04999999999999999,,0.04999999999999999,,0.04999999999999999,,0.04999999999999999,
2019-04-30,0.04999999999999999,,,,0.04999999999999999,,0.04999999999999999,,,,,0.04999999999999999,0.04999999999999999,,0.04999999999999999,,0.04999999999999999,0.04999999999999999,0.04999999999999999,,0.04999999999999999,0.04999999999999999,0.04999999999999999,0.04999999999999999,0.04999999999999999,,0.04999999999999999,,0.04999999999999999,,,,0.04999999999999999,,0.04999999999999999,,0.04999999999999999,,0.04999999999999999,
2019-05-31,0.04999999999999999,,0.04999999999999999,,0.04999999999999999,,,,,,,0.04999999999999999,0.04999999999999999,,0.04999999999999999,,0.04999999999999999,0.04999999999999999,0.04999999999999999,,0.04999999999999999,0.04999999999999999,0.04999999999999999,0.04999999999999999,0.04999999999999999,,0.04999999999999999,,0.04999999999999999,,,,0.04999999999999999,,0.04999999999999999,,0.04999999999999999,,0.04999999999999999,
2019-06-30,0.04999999999999999,,0.04999999999999999,0.04999999999999999,,,,,,,0.04999999999999999,,0.04999999999999999,,0.04999999999999999,,0.04999999999999999,0.04999999999999999,0.04999999999999999,,0.04999999999999999,0.04999999999999999,0.04999999999999999,0.04999999999999999,0.04999999999999999,,0.04999999999999999,,,0.04999999999999999,,,0.04999999999999999,,0.04999999999999999,,0.04999999999999999,,0.04999999999999999,
2019-07-31,0.04999999999999999,,0.04999999999999999,,,,0.04999999999999999,,,,0.04999999999999999,,0.04999999999999999,,0.04999999999999999,,0.04999999999999999,0.04999999999999999,0.04999999999999999,,0.04999999999999999,0.04999999999999999,0.04999999999999999,0.04999999999999999,0.04999999999999999,,0.04999999999999999,,0.04999999999999999,0.04999999999999999,,,,,0.04999999999999999,,0.04999999999999999,,0.04999999999999999,
2019-08-31,0.04999999999999999,,0.04999999999999999,0.04999999999999999,0.04999999999999999,,,,,,,,0.04999999999999999,,0.04999999999999999,,0.04999999999999999,0.04999999999999999,0.04999999999999999,,0.04999999999999999,0.04999999999999999,0.04999999999999999,0.04999999999999999,0.04999999999999999,,0.04999999999999999,,0.04999999999999999,0.04999999999999999,,,,,0.04999999999999999,,0.04999999999999999,,0.04999999999999999,
2019-09-30,0.04999999999999999,,0.04999999999999999,,0.04999999999999999,,0.04999999999999999,,,0.04999999999999999,,,,,0.04999999999999999,,0.04999999999999999,0.04999999999999999,0.04999999999999999,,0.04999999999999999,0.04999999999999999,0.04999999999999999,0.04999999999999999,0.04999999999999999,,,,0.04999999999999999,0.04999999999999999,,,,0.04999999999999999,0.04999999999999999,,0.04999999999999999,,0.04999999999999999,
2019-10-31,0.04999999999999999,0.04999999999999999,,0.04999999999999999,,,0.04999999999999999,,,0.04999999999999999,,,,,0.04999999999999999,,0.04999999999999999,0.04999999999999999,0.04999999999999999,,0.04999999999999999,0.04999999999999999,0.04999999999999999,0.04999999999999999,0.04999999999999999,0.04999999999999999,0.04999999999999999,,,0.04999999999999999,,,,,0.04999999999999999,,0.04999999999999999,,0.04999999999999999,
2019-11-30,0.04999999999999999,0.04999999999999999,0.04999999999999999,0.04999999999999999,,,,,,0.04999999999999999,,,,,0.04999999999999999,,0.04999999999999999,0.04999999999999999,0.04999999999999999,,0.04999999999999999,0.04999999999999999,0.04999999999999999,0.04999999999999999,0.04999999999999999,0.04999999999999999,0.04999999999999999,,,0.04999999999999999,,,,0.04999999999999999,,0.04999999999999999,0.04999999999999999,,,
2019-12-31,0.04999999999999999,0.04999999999999999,,0.04999999999999999,,,,,,0.04999999999999999,,,,,0.04999999999999999,,0.04999999999999999,0.04999999999999999,0.04999999999999999,0.04999999999999999,0.04999999999999999,0.04999999999999999,0.04999999999999999,0.04999999999999999,0.04999999999999999,0.04999999999999999,0.04999999999999999,,,0.04999999999999999,,,,,0.04999999999999999,0.04999999999999999,0.04999999999999999,,,
2020-01-31,0.04999999999999999,0.04999999999999999,,0.04999999999999999,,,,,,0.04999999999999999,,,,,0.04999999999999999,,0.04999999999999999,0.04999999999999999,0.04999999999999999,0.04999999999999999,0.04999999999999999,0.04999999999999999,0.04999999999999999,0.04999999999999999,0.04999999999999999,0.04999999999999999,0.04999999999999999,,,,,,,,0.04999999999999999,0.04999999999999999,0.04999999999999999,0.04999999999999999,,
2020-02-29,0.04999999999999999,0.04999999999999999,,0.04999999999999999,,,,,,0.04999999999999999,,,,,0.04999999999999999,,0.04999999999999999,0.04999999999999999,0.04999999999999999,0.04999999999999999,0.04999999999999999,0.04999999999999999,0.04999999999999999,0.04999999999999999,0.04999999999999999,0.04999999999999999,0.04999999999999999,,,,,,,,0.04999999999999999,0.04999999999999999,0.04999999999999999,0.04999999999999999,,
2020-03-31,,0.04999999999999999,,0.04999999999999999,0.04999999999999999,,,,,0.04999999999999999,,,,,0.04999999999999999,,0.04999999999999999,0.04999999999999999,0.04999999999999999,0.04999999999999999,0.04999999999999999,0.04999999999999999,0.04999999999999999,0.04999999999999999,0.04999999999999999,0.04999999999999999,0.04999999999999999,,,0.04999999999999999,,,,,,0.04999999999999999,0.04999999999999999,0.04999999999999999,,
2020-04-30,,0.04999999999999999,,0.04999999999999999,,,,,,0.04999999999999999,,,,0.04999999999999999,0.04999999999999999,,0.04999999999999999,0.04999999999999999,0.04999999999999999,0.04999999999999999,0.04999999999999999,0.04999999999999999,0.04999999999999999,0.04999999999999999,0.04999999999999999,,0.04999999999999999,,,0.04999999999999999,,,0.04999999999999999,,,0.04999999999999999,0.04999999999999999,0.04999999999999999,,
2020-05-31,,0.04999999999999999,,0.04999999999999999,0.04999999999999999,,,,,0.04999999999999999,,,,,0.04999999999999999,,0.04999999999999999,0.04999999999999999,0.04999999999999999,0.04999999999999999,0.04999999999999999,0.04999999999999999,0.04999999999999999,0.04999999999999999,0.04999999999999999,,0.04999999999999999,0.04999999999999999,,,,,0.04999999999999999,,,0.04999999999999999,0.04999999999999999,0.04999999999999999,,
2020-06-30,,,,0.04999999999999999,0.04999999999999999,,,,,0.04999999999999999,,,,0.04999999999999999,0.04999999999999999,,0.04999999999999999,0.04999999999999999,0.04999999999999999,0.04999999999999999,0.04999999999999999,0.04999999999999999,0.04999999999999999,0.04999999999999999,0.04999999999999999,0.04999999999999999,,0.04999999999999999,,,,,,,0.04999999999999999,0.04999999999999999,0.04999999999999999,0.04999999999999999,,
2020-07-31,,,,,0.04999999999999999,,,,,0.04999999999999999,,0.04999999999999999,,0.04999999999999999,0.04999999999999999,,0.04999999999999999,0.04999999999999999,0.04999999999999999,0.04999999999999999,0.04999999999999999,0.04999999999999999,0.04999999999999999,0.04999999999999999,0.04999999999999999,0.04999999999999999,,0.04999999999999999,,,,,,,0.04999999999999999,0.04999999999999999,0.04999999999999999,0.04999999999999999,,
2020-08-31,,,,,,,,,0.04999999999999999,0.04999999999999999,,0.04999999999999999,,0.04999999999999999,0.04999999999999999,,0.04999999999999999,0.04999999999999999,0.04999999999999999,0.04999999999999999,0.04999999999999999,0.04999999999999999,0.04999999999999999,0.04999999999999999,0.04999999999999999,0.04999999999999999,0.04999999999999999,0.04999999999999999,,,,,,,,0.04999999999999999,0.04999999999999999,0.04999999999999999,,
2020-09-30,,,,,0.04999999999999999,,,,0.04999999999999999,0.04999999999999999,,0.04999999999999999,,,0.04999999999999999,,0.04999999999999999,0.04999999999999999,0.04999999999999999,0.04999999999999999,0.04999999999999999,0.04999999999999999,0.04999999999999999,0.04999999999999999,0.04999999999999999,0.04999999999999999,0.04999999999999999,0.04999999999999999,,,,,,,,0.04999999999999999,0.04999999999999999,0.04999999999999999,,
2020-10-31,,,,,0.04999999999999999,,,,0.04999999999999999,0.04999999999999999,,0.04999999999999999,,,0.04999999999999999,,0.04999999999999999,0.04999999999999999,0.04999999999999999,0.04999999999999999,0.04999999999999999,0.04999999999999999,0.04999999999999999,0.04999999999999999,0.04999999999999999,0.04999999999999999,0.04999999999999999,0.04999999999999999,,,,,,,,0.04999999999999999,0.04999999999999999,0.04999999999999999,,
2020-11-30,,,0.04999999999999999,,0.04999999999999999,,,,0.04999999999999999,,,0.04999999999999999,,,0.04999999999999999,,0.04999999999999999,0.04999999999999999,0.04999999999999999,0.04999999999999999,0.04999999999999999,0.04999999999999999,0.04999999999999999,0.04999999999999999,0.04999999999999999,0.04999999999999999,0.04999999999999999,,,0.04999999999999999,,,,,,0.04999999999999999,0.04999999999999999,0.04999999999999999,,
2020-12-31,0.04999999999999999,,0.04999999999999999,,0.04999999999999999,,,,0.04999999999999999,,,0.04999999999999999,,,0.04999999999999999,,0.04999999999999999,0.04999999999999999,0.04999999999999999,,0.04999999999999999,0.04999999999999999,0.04999999999999999,0.04999999999999999,0.04999999999999999,,0.04999999999999999,,0.04999999999999999,0.04999999999999999,,,,,,0.04999999999999999,0.04999999999999999,0.04999999999999999,,
2021-01-31,0.04999999999999999,,,0.04999999999999999,0.04999999999999999,,,,0.04999999999999999,,,0.04999999999999999,,,0.04999999999999999,,0.04999999999999999,0.04999999999999999,0.04999999999999999,,0.04999999999999999,0.04999999999999999,0.04999999999999999,0.04999999999999999,0.04999999999999999,0.04999999999999999,,,0.04999999999999999,0.04999999999999999,,,,,,0.04999999999999999,0.04999999999999999,0.04999999999999999,,
2021-02-28,0.04999999999999999,,,0.04999999999999999,0.04999999999999999,,,,0.04999999999999999,,,0.04999999999999999,,,0.04999999999999999,,0.04999999999999999,0.04999999999999999,0.04999999999999999,,0.04999999999999999,0.04999999999999999,0.04999999999999999,0.04999999999999999,0.04999999999999999,0.04999999999999999,,,0.04999999999999999,,,0.04999999999999999,0.04999999999999999,,,,0.04999999999999999,0.04999999999999999,,
2021-03-31,0.04999999999999999,0.04999999999999999,,,0.04999999999999999,,,,0.04999999999999999,,,0.04999999999999999,,,0.04999999999999999,,0.04999999999999999,0.04999999999999999,0.04999999999999999,,0.04999999999999999,0.04999999999999999,0.04999999999999999,0.04999999999999999,0.04999999999999999,,,,0.04999999999999999,,0.04999999999999999,0.04999999999999999,,,,,0.04999999999999999,0.04999999999999999,,0.04999999999999999
2021-04-30,0.04999999999999999,,0.04999999999999999,0.04999999999999999,0.04999999999999999,,,,0.04999999999999999,,,,,,0.04999999999999999,,0.04999999999999999,0.04999999999999999,0.04999999999999999,,0.04999999999999999,0.04999999999999999,0.04999999999999999,0.04999999999999999,0.04999999999999999,,,,0.04999999999999999,,0.04999999999999999,0.04999999999999999,,,,,0.04999999999999999,0.04999999999999999,,0.04999999999999999
2021-05-31,0.04999999999999999,,0.04999999999999999,0.04999999999999999,,,,,0.04999999999999999,0.04999999999999999,,,,,0.04999999999999999,,0.04999999999999999,0.04999999999999999,0.04999999999999999,,0.04999999999999999,0.04999999999999999,0.04999999999999999,0.04999999999999999,0.04999999999999999,0.04999999999999999,,,,,0.04999999999999999,0.04999999999999999,,,,,0.04999999999999999,0.04999999999999999,,0.04999999999999999
2021-06-30,0.04999999999999999,,0.04999999999999999,,,,0.04999999999999999,,0.04999999999999999,,,,,,0.04999999999999999,0.04999999999999999,0.04999999999999999,0.04999999999999999,0.04999999999999999,,0.04999999999999999,0.04999999999999999,0.04999999999999999,0.04999999999999999,0.04999999999999999,,,,,,0.04999999999999999,0.04999999999999999,,,,0.04999999999999999,0.04999999999999999,0.04999999999999999,,0.04999999999999999
2021-07-31,0.04999999999999999,,0.04999999999999999,,,,0.04999999999999999,,0.04999999999999999,,,,,,0.04999999999999999,0.04999999999999999,0.04999999999999999,0.04999999999999999,0.04999999999999999,,0.04999999999999999,0.04999999999999999,0.04999999999999999,0.04999999999999999,0.04999999999999999,,,,,,0.04999999999999999,0.04999999999999999,,,,0.04999999999999999,0.04999999999999999,0.04999999999999999,,0.04999999999999999
2021-08-31,0.04999999999999999,,,,0.04999999999999999,,0.04999999999999999,,0.04999999999999999,,,,,,0.04999999999999999,0.04999999999999999,0.04999999999999999,0.04999999999999999,0.04999999999999999,,0.04999999999999999,0.04999999999999999,0.04999999999999999,0.04999999999999999,0.04999999999999999,,,,,0.04999999999999999,0.04999999999999999,0.04999999999999999,0.04999999999999999,,,0.04999999999999999,0.04999999999999999,,,
2021-09-30,0.04999999999999999,,,,0.04999999999999999,,0.04999999999999999,,0.04999999999999999,,,,0.04999999999999999,,0.04999999999999999,,0.04999999999999999,0.04999999999999999,0.04999999999999999,,0.04999999999999999,0.04999999999999999,0.04999999999999999,0.04999999999999999,0.04999999999999999,,,,,,0.04999999999999999,0.04999999999999999,0.04999999999999999,,,0.04999999999999999,0.04999999999999999,,,0.04999999999999999
2021-10-31,0.04999999999999999,,,,0.04999999999999999,,0.04999999999999999,,0.04999999999999999,,,,,,0.04999999999999999,0.04999999999999999,0.04999999999999999,0.04999999999999999,0.04999999999999999,,0.04999999999999999,0.04999999999999999,0.04999999999999999,0.04999999999999999,0.04999999999999999,,,,,,0.04999999999999999,,0.04999999999999999,,,0.04999999999999999,0.04999999999999999,0.04999999999999999,,0.04999999999999999
2021-11-30,0.04999999999999999,,,,0.04999999999999999,,0.04999999999999999,,0.04999999999999999,0.04999999999999999,,,,,0.04999999999999999,,0.04999999999999999,0.04999999999999999,0.04999999999999999,,0.04999999999999999,0.04999999999999999,0.04999999999999999,0.04999999999999999,0.04999999999999999,,,,,,0.04999999999999999,,0.04999999999999999,,0.04999999999999999,0.04999999999999999,0.04999999999999999,0.04999999999999999,,
2021-12-31,0.04999999999999999,,,,0.04999999999999999,,0.04999999999999999,,,0.04999999999999999,,,,,0.04999999999999999,0.04999999999999999,0.04999999999999999,0.04999999999999999,0.04999999999999999,,0.04999999999999999,0.04999999999999999,0.04999999999999999,0.04999999999999999,0.04999999999999999,,0.04999999999999999,,,0.04999999999999999,0.04999999999999999,,,,0.04999999999999999,0.04999999999999999,0.04999999999999999,,,
2022-01-31,,0.04999999999999999,,,,,,,0.04999999999999999,,,,0.04999999999999999,,0.04999999999999999,0.04999999999999999,0.04999999999999999,0.04999999999999999,0.04999999999999999,0.04999999999999999,0.04999999999999999,0.04999999999999999,0.04999999999999999,0.04999999999999999,0.04999999999999999,,,,0.04999999999999999,0.04999999999999999,0.04999999999999999,,,,,0.04999999999999999,0.04999999999999999,,,0.04999999999999999
2022-02-28,,,,0.04999999999999999,,,0.04999999999999999,,0.04999999999999999,,,,0.04999999999999999,,0.04999999999999999,0.04999999999999999,0.04999999999999999,0.04999999999999999,0.04999999999999999,,0.04999999999999999,0.04999999999999999,0.04999999999999999,0.04999999999999999,0.04999999999999999,0.04999999999999999,,,,0.04999999999999999,,,,,0.04999999999999999,0.04999999999999999,0.04999999999999999,,,0.04999999999999999
2022-03-31,,0.04999999999999999,,,,,0.04999999999999999,,0.04999999999999999,,,,0.04999999999999999,,0.04999999999999999,0.04999999999999999,0.04999999999999999,0.04999999999999999,0.04999999999999999,,0.04999999999999999,0.04999999999999999,0.04999999999999999,0.04999999999999999,0.04999999999999999,0.04999999999999999,,,,0.04999999999999999,,,0.04999999999999999,,,0.04999999999999999,0.04999999999999999,,,0.04999999999999999
2022-04-30,,,,,,,0.04999999999999999,,0.04999999999999999,,,,0.04999999999999999,,0.04999999999999999,0.04999999999999999,0.04999999999999999,0.04999999999999999,0.04999999999999999,0.04999999999999999,0.04999999999999999,0.04999999999999999,0.04999999999999999,0.04999999999999999,0.04999999999999999,0.04999999999999999,,,0.04999999999999999,0.04999999999999999,,,0.04999999999999999,,,,0.04999999999999999,,,0.04999999999999999
2022-05-31,0.04999999999999999,,,,,,0.04999999999999999,,0.04999999999999999,,,,0.04999999999999999,,0.04999999999999999,0.04999999999999999,0.04999999999999999,0.04999999999999999,0.04999999999999999,,0.04999999999999999,0.04999999999999999,0.04999999999999999,0.04999999999999999,0.04999999999999999,0.04999999999999999,,,0.04999999999999999,0.04999999999999999,,,0.04999999999999999,,,,0.04999999999999999,,,0.04999999999999999
2022-06-30,0.04999999999999999,,,,,,0.04999999999999999,0.04999999999999999,,,,,0.04999999999999999,,0.04999999999999999,0.04999999999999999,0.04999999999999999,0.04999999999999999,0.04999999999999999,,0.04999999999999999,0.04999999999999999,0.04999999999999999,0.04999999999999999,0.04999999999999999,0.04999999999999999,,,0.04999999999999999,0.04999999999999999,,,0.04999999999999999,,,,0.04999999999999999,,,0.04999999999999999
2022-07-31,0.04999999999999999,,,,,,,0.04999999999999999,,,,,0.04999999999999999,,0.04999999999999999,0.04999999999999999,0.04999999999999999,0.04999999999999999,0.04999999999999999,0.04999999999999999,0.04999999999999999,0.04999999999999999,0.04999999999999999,0.04999999999999999,0.04999999999999999,,,,0.04999999999999999,0.04999999999999999,,,0.04999999999999999,,0.04999999999999999,,0.04999999999999999,,,0.04999999999999999
2022-08-31,0.04999999999999999,,0.04999999999999999,,,,0.04999999999999999,0.04999999999999999,,,,,,,0.04999999999999999,,0.04999999999999999,0.04999999999999999,0.04999999999999999,0.04999999999999999,0.04999999999999999,0.04999999999999999,0.04999999999999999,0.04999999999999999,0.04999999999999999,0.04999999999999999,,,,0.04999999999999999,,,0.04999999999999999,,,,0.04999999999999999,0.04999999999999999,,0.04999999999999999
2022-09-30,0.04999999999999999,,0.04999999999999999,,,,0.04999999999999999,0.04999999999999999,,,,0.04999999999999999,,,0.04999999999999999,,0.04999999999999999,0.04999999999999999,0.04999999999999999,,0.04999999999999999,0.04999999999999999,0.04999999999999999,0.04999999999999999,0.04999999999999999,0.04999999999999999,,,,0.04999999999999999,,,0.04999999999999999,,,,0.04999999999999999,,0.04999999999999999,0.04999999999999999
2022-10-31,0.04999999999999999,,0.04999999999999999,,,,0.04999999999999999,0.04999999999999999,,,,,,,0.04999999999999999,,0.04999999999999999,0.04999999999999999,0.04999999999999999,0.04999999999999999,0.04999999999999999,0.04999999999999999,0.04999999999999999,0.04999999999999999,0.04999999999999999,0.04999999999999999,,,,0.04999999999999999,,,0.04999999999999999,,,,0.04999999999999999,,0.04999999999999999,0.04999999999999999
2022-11-30,,,,,0.04999999999999999,,0.04999999999999999,0.04999999999999999,,,,,,0.04999999999999999,0.04999999999999999,,0.04999999999999999,0.04999999999999999,0.04999999999999999,0.04999999999999999,0.04999999999999999,0.04999999999999999,0.04999999999999999,0.04999999999999999,0.04999999999999999,,,,,0.04999999999999999,,0.04999999999999999,0.04999999999999999,,,,0.04999999999999999,,0.04999999999999999,0.04999999999999999
2022-12-31,,,,,0.04999999999999999,,0.04999999999999999,0.04999999999999999,,,,0.04999999999999999,0.04999999999999999,,0.04999999999999999,,0.04999999999999999,0.04999999999999999,0.04999999999999999,,0.04999999999999999,0.04999999999999999,0.04999999999999999,0.04999999999999999,0.04999999999999999,,,,0.04999999999999999,,,0.04999999999999999,0.04999999999999999,,,,0.04999999999999999,,0.04999999999999999,0.04999999999999999
2023-01-31,,,,,,,0.04999999999999999,0.04999999999999999,,,,,0.04999999999999999,0.04999999999999999,0.04999999999999999,,0.04999999999999999,0.04999999999999999,0.04999999999999999,0.04999999999999999,0.04999999999999999,0.04999999999999999,0.04999999999999999,0.04999999999999999,0.04999999999999999,,,,0.04999999999999999,,,0.04999999999999999,0.04999999999999999,,,,0.04999999999999999,,0.04999999999999999,0.04999999999999999
2023-02-28,,,,,0.04999999999999999,,0.04999999999999999,0.04999999999999999,,,,,0.04999999999999999,,0.04999999999999999,,0.04999999999999999,0.04999999999999999,0.04999999999999999,0.04999999999999999,0.04999999999999999,0.04999999999999999,0.04999999999999999,0.04999999999999999,0.04999999999999999,,,,0.04999999999999999,,,0.04999999999999999,0.04999999999999999,,,,0.04999999999999999,,0.04999999999999999,0.04999999999999999
2023-03-31,0.04999999999999999,,,,0.04999999999999999,,0.04999999999999999,0.04999999999999999,,,,0.04999999999999999,,,0.04999999999999999,,0.04999999999999999,0.04999999999999999,0.04999999999999999,,0.04999999999999999,0.04999999999999999,0.04999999999999999,0.04999999999999999,0.04999999999999999,,,,0.04999999999999999,,,0.04999999999999999,0.04999999999999999,,,,0.04999999999999999,,0.04999999999999999,0.04999999999999999
2023-04-30,0.04999999999999999,,0.04999999999999999,0.04999999999999999,,,0.04999999999999999,,,,,0.04999999999999999,,,0.04999999999999999,,0.04999999999999999,0.04999999999999999,0.04999999999999999,,0.04999999999999999,0.04999999999999999,0.04999999999999999,0.04999999999999999,0.04999999999999999,,0.04999999999999999,,0.04999999999999999,,,,0.04999999999999999,,,0.04999999999999999,0.04999999999999999,,,0.04999999999999999
2023-05-31,0.04999999999999999,,0.04999999999999999,,,,0.04999999999999999,,,,0.04999999999999999,0.04999999999999999,,,0.04999999999999999,,0.04999999999999999,0.04999999999999999,0.04999999999999999,,0.04999999999999999,0.04999999999999999,0.04999999999999999,0.04999999999999999,0.04999999999999999,0.04999999999999999,,,,,,,0.04999999999999999,0.04999999999999999,0.04999999999999999,0.04999999999999999,0.04999999999999999,,,
2023-06-30,0.04999999999999999,0.04999999999999999,0.04999999999999999,0.04999999999999999,,,0.04999999999999999,,,,,,,,0.04999999999999999,,0.04999999999999999,0.04999999999999999,0.04999999999999999,,0.04999999999999999,0.04999999999999999,0.04999999999999999,0.04999999999999999,0.04999999999999999,0.04999999999999999,0.04999999999999999,,0.04999999999999999,,,,,0.04999999999999999,,0.04999999999999999,0.04999999999999999,,,
2023-07-31,0.04999999999999999,,,0.04999999999999999,,0.04999999999999999,0.04999999999999999,,,,0.04999999999999999,,,,0.04999999999999999,,0.04999999999999999,0.04999999999999999,0.04999999999999999,,0.04999999999999999,0.04999999999999999,0.04999999999999999,0.04999999999999999,0.04999999999999999,0.04999999999999999,,,0.04999999999999999,,,,0.04999999999999999,0.04999999999999999,,0.04999999999999999,0.04999999999999999,,,
2023-08-31,,0.04999999999999999,,0.04999999999999999,,0.04999999999999999,0.04999999999999999,,,,0.04999999999999999,,,,0.04999999999999999,,0.04999999999999999,0.04999999999999999,0.04999999999999999,,0.04999999999999999,0.04999999999999999,0.04999999999999999,0.04999999999999999,0.04999999999999999,,,,0.04999999999999999,,0.04999999999999999,,0.04999999999999999,0.04999999999999999,,0.04999999999999999,0.04999999999999999,,,
2023-09-30,,0.04999999999999999,,0.04999999999999999,,0.04999999999999999,0.04999999999999999,,,,0.04999999999999999,,,,0.04999999999999999,,0.04999999999999999,0.04999999999999999,0.04999999999999999,,0.04999999999999999,0.04999999999999999,0.04999999999999999,0.04999999999999999,0.04999999999999999,,,,0.04999999999999999,,0.04999999999999999,,0.04999999999999999,0.04999999999999999,,0.04999999999999999,0.04999999999999999,,,
2023-10-31,,0.04999999999999999,,,,0.04999999999999999,0.04999999999999999,,,,0.04999999999999999,,,,0.04999999999999999,0.04999999999999999,0.04999999999999999,0.04999999999999999,0.04999999999999999,,0.04999999999999999,0.04999999999999999,0.04999999999999999,0.04999999999999999,0.04999999999999999,,0.04999999999999999,,0.04999999999999999,,0.04999999999999999,,,0.04999999999999999,,0.04999999999999999,0.04999999999999999,,,
2023-11-30,0.04999999999999999,0.04999999999999999,,0.04999999999999999,,,0.04999999999999999,,,,,,,,0.04999999999999999,0.04999999999999999,0.04999999999999999,0.04999999999999999,0.04999999999999999,,0.04999999999999999,0.04999999999999999,0.04999999999999999,0.04999999999999999,0.04999999999999999,,,0.04999999999999999,0.04999999999999999,,,,0.04999999999999999,0.04999999999999999,,0.04999999999999999,0.04999999999999999,,,
2023-12-31,0.04999999999999999,0.04999999999999999,,0.04999999999999999,,0.04999999999999999,0.04999999999999999,,,,,,,,0.04999999999999999,,0.04999999999999999,0.04999999999999999,0.04999999999999999,,0.04999999999999999,0.04999999999999999,0.04999999999999999,0.04999999999999999,0.04999999999999999,,,0.04999999999999999,,,,,0.04999999999999999,0.04999999999999999,0.04999999999999999,0.04999999999999999,0.04999999999999999,,,
2024-01-31,0.04999999999999999,0.04999999999999999,,0.04999999999999999,,,0.04999999999999999,,,,,,,0.04999999999999999,0.04999999999999999,,0.04999999999999999,0.04999999999999999,0.04999999999999999,,0.04999999999999999,0.04999999999999999,0.04999999999999999,0.04999999999999999,0.04999999999999999,,0.04999999999999999,,0.04999999999999999,,,,0.04999999999999999,0.04999999999999999,,0.04999999999999999,0.04999999999999999,,,
2024-02-29,0.04999999999999999,0.04999999999999999,,0.04999999999999999,,,0.04999999999999999,0.04999999999999999,,,,,,,0.04999999999999999,,0.04999999999999999,0.04999999999999999,0.04999999999999999,,0.04999999999999999,0.04999999999999999,0.04999999999999999,0.04999999999999999,0.04999999999999999,,0.04999999999999999,,0.04999999999999999,,,,0.04999999999999999,0.04999999999999999,,0.04999999999999999,0.04999999999999999,,,
2024-03-31,0.04999999999999999,0.04999999999999999,0.04999999999999999,,,,0.04999999999999999,0.04999999999999999,,,,,,,0.04999999999999999,,0.04999999999999999,0.04999999999999999,0.04999999999999999,,0.04999999999999999,0.04999999999999999,0.04999999999999999,0.04999999999999999,0.04999999999999999,,0.04999999999999999,,0.04999999999999999,,,,0.04999999999999999,0.04999999999999999,,0.04999999999999999,0.04999999999999999,,,
2024-04-30,0.04999999999999999,0.04999999999999999,,,,0.04999999999999999,0.04999999999999999,0.04999999999999999,,,,,,,0.04999999999999999,,0.04999999999999999,0.04999999999999999,0.04999999999999999,,0.04999999999999999,0.04999999999999999,0.04999999999999999,0.04999999999999999,0.04999999999999999,,0.04999999999999999,,0.04999999999999999,,,,0.04999999999999999,0.04999999999999999,,0.04999999999999999,0.04999999999999999,,,
2024-05-31,0.04999999999999999,0.04999999999999999,0.04999999999999999,,,,0.04999999999999999,,,,,,,,0.04999999999999999,0.04999999999999999,0.04999999999999999,0.04999999999999999,0.04999999999999999,,0.04999999999999999,0.04999999999999999,0.04999999999999999,0.04999999999999999,0.04999999999999999,,,,0.04999999999999999,0.04999999999999999,,,0.04999999999999999,0.04999999999999999,,0.04999999999999999,0.04999999999999999,,,
2024-06-30,0.04999999999999999,0.04999999999999999,0.04999999999999999,,,,0.04999999999999999,,,,,,,,0.04999999999999999,0.04999999999999999,0.04999999999999999,0.04999999999999999,0.04999999999999999,,0.04999999999999999,0.04999999999999999,0.04999999999999999,0.04999999999999999,0.04999999999999999,,,,,0.04999999999999999,0.04999999999999999,,0.04999999999999999,0.04999999999999999,,0.04999999999999999,0.04999999999999999,,,
2024-07-31,0.04999999999999999,0.04999999999999999,,,,,0.04999999999999999,,,,,,0.04999999999999999,,0.04999999999999999,0.04999999999999999,0.04999999999999999,0.04999999999999999,0.04999999999999999,,0.04999999999999999,0.04999999999999999,0.04999999999999999,0.04999999999999999,0.04999999999999999,,,0.04999999999999999,0.04999999999999999,0.04999999999999999,,,0.04999999999999999,,,0.04999999999999999,0.04999999999999999,,,
2024-08-31,,,,,,0.04999999999999999,0.04999999999999999,0.04999999999999999,,,,,0.04999999999999999,,0.04999999999999999,0.04999999999999999,0.04999999999999999,0.04999999999999999,0.04999999999999999,,0.04999999999999999,0.04999999999999999,0.04999999999999999,0.04999999999999999,0.04999999999999999,,,,,0.04999999999999999,0.04999999999999999,0.04999999999999999,,0.04999999999999999,,0.04999999999999999,0.04999999999999999,,,
2024-09-30,,,,,,0.04999999999999999,0.04999999999999999,,,,,,0.04999999999999999,,0.04999999999999999,0.04999999999999999,0.04999999999999999,0.04999999999999999,0.04999999999999999,0.04999999999999999,0.04999999999999999,0.04999999999999999,0.04999999999999999,0.04999999999999999,0.04999999999999999,0.04999999999999999,,,0.04999999999999999,0.04999999999999999,,,0.04999999999999999,,,0.04999999999999999,0.04999999999999999,,,
2024-10-31,,,,,,0.04999999999999999,0.04999999999999999,,,,,,0.04999999999999999,,0.04999999999999999,0.04999999999999999,0.04999999999999999,0.04999999999999999,0.04999999999999999,0.04999999999999999,0.04999999999999999,0.04999999999999999,0.04999999999999999,0.04999999999999999,0.04999999999999999,,,,0.04999999999999999,0.04999999999999999,,,0.04999999999999999,0.04999999999999999,,0.04999999999999999,0.04999999999999999,,,
2024-11-30,,,,,,0.04999999999999999,0.04999999999999999,,,,,,0.04999999999999999,,0.04999999999999999,0.04999999999999999,0.04999999999999999,0.04999999999999999,0.04999999999999999,0.04999999999999999,0.04999999999999999,0.04999999999999999,0.04999999999999999,0.04999999999999999,0.04999999999999999,,,,0.04999999999999999,0.04999999999999999,,0.04999999999999999,,0.04999999999999999,,0.04999999999999999,0.04999999999999999,,,
2024-12-31,,,,,,0.04999999999999999,0.04999999999999999,,,,,,0.04999999999999999,,0.04999999999999999,0.04999999999999999,0.04999999999999999,0.04999999999999999,0.04999999999999999,0.04999999999999999,0.04999999999999999,0.04999999999999999,0.04999999999999999,0.04999999999999999,0.04999999999999999,,,,,0.04999999999999999,,0.04999999999999999,,0.04999999999999999,,0.04999999999999999,0.04999999999999999,0.04999999999999999,,
2025-01-31,,,,,,0.04999999999999999,0.04999999999999999,,,,0.04999999999999999,,,,0.04999999999999999,0.04999999999999999,0.04999999999999999,0.04999999999999999,0.04999999999999999,0.04999999999999999,0.04999999999999999,0.04999999999999999,0.04999999999999999,0.04999999999999999,0.04999999999999999,,,0.04999999999999999,0.04999999999999999,,,,,0.04999999999999999,,0.04999999999999999,0.04999999999999999,0.04999999999999999,,
2025-02-28,,,,,,0.04999999999999999,0.04999999999999999,,0.04999999999999999,,0.04999999999999999,,,,0.04999999999999999,,0.04999999999999999,0.04999999999999999,0.04999999999999999,0.04999999999999999,0.04999999999999999,0.04999999999999999,0.04999999999999999,0.04999999999999999,0.04999999999999999,,,0.04999999999999999,0.04999999999999999,,,0.04999999999999999,,0.04999999999999999,,,0.04999999999999999,0.04999999999999999,,
2025-03-31,,,,,,0.04999999999999999,0.04999999999999999,,0.04999999999999999,,0.04999999999999999,,,,0.04999999999999999,,0.04999999999999999,0.04999999999999999,0.04999999999999999,0.04999999999999999,0.04999999999999999,0.04999999999999999,0.04999999999999999,0.04999999999999999,0.04999999999999999,0.04999999999999999,,,,0.04999999999999999,,0.04999999999999999,,0.04999999999999999,,,0.04999999999999999,,0.04999999999999999,
2025-04-30,,,,,,0.04999999999999999,0.04999999999999999,,0.04999999999999999,,0.04999999999999999,,,,0.04999999999999999,,0.04999999999999999,0.04999999999999999,0.04999999999999999,0.04999999999999999,0.04999999999999999,0.04999999999999999,0.04999999999999999,0.04999999999999999,0.04999999999999999,,,,,0.04999999999999999,,0.04999999999999999,,0.04999999999999999,,,0.04999999999999999,0.04999999999999999,0.04999999999999999,
2025-05-31,,,,,,0.04999999999999999,0.04999999999999999,,0.04999999999999999,,0.04999999999999999,,,,0.04999999999999999,,0.04999999999999999,0.04999999999999999,0.04999999999999999,0.04999999999999999,0.04999999999999999,0.04999999999999999,0.04999999999999999,0.04999999999999999,0.04999999999999999,,,,0.04999999999999999,0.04999999999999999,,0.04999999999999999,,,,,0.04999999999999999,0.04999999999999999,0.04999999999999999,
2025-06-30,,,,,,0.04999999999999999,0.04999999999999999,,0.04999999999999999,,0.04999999999999999,,0.04999999999999999,,0.04999999999999999,,0.04999999999999999,0.04999999999999999,0.04999999999999999,,0.04999999999999999,0.04999999999999999,0.04999999999999999,0.04999999999999999,0.04999999999999999,,,,0.04999999999999999,0.04999999999999999,,0.04999999999999999,,0.04999999999999999,,,0.04999999999999999,,0.04999999999999999,
2025-07-31,,,,,,0.04999999999999999,0.04999999999999999,,0.04999999999999999,,0.04999999999999999,,,,0.04999999999999999,0.04999999999999999,0.04999999999999999,0.04999999999999999,0.04999999999999999,,0.04999999999999999,0.04999999999999999,0.04999999999999999,0.04999999999999999,0.04999999999999999,,,,0.04999999999999999,,,0.04999999999999999,,0.04999999999999999,0.04999999999999999,0.04999999999999999,0.04999999999999999,,,
2025-08-31,,,,,,0.04999999999999999,0.04999999999999999,,0.04999999999999999,,0.04999999999999999,,0.04999999999999999,,0.04999999999999999,,0.04999999999999999,0.04999999999999999,0.04999999999999999,,0.04999999999999999,0.04999999999999999,0.04999999999999999,0.04999999999999999,0.04999999999999999,,,,0.04999999999999999,,,0.04999999999999999,,0.04999999999999999,0.04999999999999999,0.04999999999999999,0.04999999999999999,,,
2025-09-30,,,,,,0.04999999999999999,0.04999999999999999,,0.04999999999999999,,0.04999999999999999,,,,0.04999999999999999,0.04999999999999999,0.04999999999999999,0.04999999999999999,0.04999999999999999,,0.04999999999999999,0.04999999999999999,0.04999999999999999,0.04999999999999999,0.04999999999999999,,,,0.04999999999999999,,0.04999999999999999,0.04999999999999999,,,0.04999999999999999,0.04999999999999999,0.04999999999999999,,,
2025-10-31,,0.04999999999999999,,,,0.04999999999999999,0.04999999999999999,,0.04999999999999999,,0.04999999999999999,,,,0.04999999999999999,,0.04999999999999999,0.04999999999999999,0.04999999999999999,,0.04999999999999999,0.04999999999999999,0.04999999999999999,0.04999999999999999,0.04999999999999999,,,,0.04999999999999999,,0.04999999999999999,0.04999999999999999,,,,0.04999999999999999,0.04999999999999999,0.04999999999999999,,
2025-11-30,,0.04999999999999999,,0.04999999999999999,,0.04999999999999999,,,0.04999999999999999,,0.04999999999999999,,,,0.04999999999999999,,0.04999999999999999,0.04999999999999999,0.04999999999999999,,0.04999999999999999,0.04999999999999999,0.04999999999999999,0.04999999999999999,0.04999999999999999,,0.04999999999999999,,0.04999999999999999,,0.04999999999999999,0.04999999999999999,,,,0.04999999999999999,0.04999999999999999,,,
2025-12-31,,0.04999999999999999,,0.04999999999999999,,,,,0.04999999999999999,,0.04999999999999999,,0.04999999999999999,,0.04999999999999999,,0.04999999999999999,0.04999999999999999,0.04999999999999999,,0.04999999999999999,0.04999999999999999,0.04999999999999999,0.04999999999999999,0.04999999999999999,0.04999999999999999,0.04999999999999999,,0.04999999999999999,,0.04999999999999999,,0.04999999999999999,,,,0.04999999999999999,,,
2026-01-31,,0.04999999999999999,,0.04999999999999999,,,,0.04999999999999999,0.04999999999999999,,0.04999999999999999,,,,0.04999999999999999,,0.04999999999999999,0.04999999999999999,0.04999999999999999,,0.04999999999999999,0.04999999999999999,0.04999999999999999,0.04999999999999999,0.04999999999999999,0.04999999999999999,0.04999999999999999,,0.04999999999999999,,0.04999999999999999,,0.04999999999999999,,,,0.04999999999999999,,,
2026-02-28,,0.04999999999999999,0.04999999999999999,0.04999999999999999,,,,0.04999999999999999,0.04999999999999999,,,,,,0.04999999999999999,,0.04999999999999999,0.04999999999999999,0.04999999999999999,,0.04999999999999999,0.04999999999999999,0.04999999999999999,0.04999999999999999,0.04999999999999999,,0.04999999999999999,,,,0.04999999999999999,,,,,0.04999999999999999,0.04999999999999999,0.04999999999999999,,0.04999999999999999
2026-03-31,,0.04999999999999999,0.04999999999999999,0.04999999999999999,,,,,0.04999999999999999,,,,0.04999999999999999,,0.04999999999999999,,0.04999999999999999,0.04999999999999999,0.04999999999999999,,0.04999999999999999,0.04999999999999999,0.04999999999999999,0.04999999999999999,0.04999999999999999,,0.04999999999999999,,0.04999999999999999,,0.04999999999999999,,,,,0.04999999999999999,0.04999999999999999,,,0.04999999999999999
2026-04-30,,0.04999999999999999,0.04999999999999999,0.04999999999999999,,,,,0.04999999999999999,,,,0.04999999999999999,,0.04999999999999999,,0.04999999999999999,0.04999999999999999,0.04999999999999999,,0.04999999999999999,0.04999999999999999,0.04999999999999999,0.04999999999999999,0.04999999999999999,,0.04999999999999999,,,0.04999999999999999,0.04999999999999999,0.04999999999999999,,,,,0.04999999999999999,,,0.04999999999999999
